epoch,iteration,npe,angular_error,acc2,acc5,acc10,add2,add5,add10,proj2d_2px,proj2d_5px,proj2d_10px
40,68510,0.0739574535021795,0.19179172182293047,46.78736748960283,81.67162694628277,90.71593933256845,21.04001310325804,49.54365070282467,71.8783067710816,93.7830690732078,96.13922004851084,96.74272534203908
41,70181,0.09586757083519525,0.23454066358935383,20.947420498681446,75.03472212004283,88.70701064003839,3.695436387781113,15.203372877741616,42.19080675026727,92.50992089226132,95.09755334399995,95.79199778844439
